chr1,1015066,1015266,HSE897,9.5706324138
chr1,1590473,1590673,HSE853,17.3206898329
chr1,2120861,2121064,HSE86,66.0424471614
chr1,6336418,6336624,HSE394,14.8892086906
chr1,7404594,7404794,HSE315,24.228051023
chr1,11941325,11941525,HSE322,17.5192630328
chr1,15055555,15055755,HSE962,11.7065788965
chr1,15478024,15478224,HSE354,17.5771586196
chr1,16065307,16065508,HSE264,23.9092446094
chr1,23244249,23244449,HSE434,17.1331422162
chr1,24621426,24621626,HSE638,11.9517576968
chr1,24710189,24710389,HSE537,14.6283754801
chr1,26216838,26217042,HSE237,39.9988740347
chr1,28931703,28931903,HSE150,37.3158468645
chr1,29139636,29139836,HSE696,9.3933913885
chr1,29301011,29301211,HSE837,15.2711109524
chr1,30644209,30644410,HSE452,13.1331424716
chr1,37323436,37323636,HSE144,24.6337166989
chr1,39114092,39114292,HSE642,13.5250552809
chr1,40887095,40887295,HSE715,14.4526764769
chr1,43259581,43259781,HSE285,23.3546182652
chr1,48180470,48180671,HSE581,14.0513005602
chr1,51911123,51911323,HSE728,10.9727627129
chr1,58868480,58868680,HSE744,10.9393507729
chr1,61907580,61907780,HSE219,24.9065022738
chr1,62649216,62649416,HSE160,31.6287882019
chr1,64297272,64297472,HSE542,16.032234097
chr1,71842002,71842202,HSE525,13.177872984
chr1,76529679,76529879,HSE217,28.2285409421
chr1,77034610,77034811,HSE117,36.8686336226
chr1,77861083,77861283,HSE95,33.1051379887
chr1,81139876,81140076,HSE648,14.2447596506
chr1,84078697,84078897,HSE229,19.6626071807
chr1,85040012,85040217,HSE554,18.2435809591
chr1,85294189,85294389,HSE649,12.4198070103
chr1,86952858,86953058,HSE227,20.0246313683
chr1,87198821,87199021,HSE396,14.181885534
chr1,87568855,87569055,HSE187,27.2483801299
chr1,87718281,87718481,HSE761,10.7346086388
chr1,90228438,90228639,HSE725,10.8919859879
chr1,90567852,90568052,HSE750,11.3840777324
chr1,101544928,101545128,HSE344,15.9279633229
chr1,105180209,105180409,HSE319,15.9878097581
chr1,112056258,112056458,HSE234,20.4981560995
chr1,113265359,113265559,HSE675,15.7764663556
chr1,120009313,120009513,HSE287,17.3492427166
chr1,120096931,120097131,HSE391,16.3648875858
chr1,145474303,145474503,HSE568,15.9686715881
chr1,146037814,146038014,HSE867,8.3915764216
chr1,149294554,149294754,HSE758,13.8367903871
chr1,149298520,149298734,HSE549,19.9633772792
chr1,161893534,161893734,HSE511,14.2318525715
chr1,165509248,165509448,HSE683,13.7673640003
chr1,167774457,167774657,HSE42,47.5183173
chr1,170555465,170555665,HSE348,25.4137901578
chr1,171264616,171264816,HSE405,18.0971419626
chr1,182113250,182113450,HSE687,17.1842942374
chr1,182635108,182635309,HSE247,28.4610896172
chr1,183573285,183573486,HSE44,36.1099998528
chr1,183681289,183681489,HSE77,46.3313570709
chr1,190550474,190550674,HSE461,24.1417645601
chr1,192030096,192030296,HSE839,8.898236823
chr1,192602518,192602718,HSE747,12.1928710846
chr1,193387547,193387747,HSE251,22.6738118926
chr1,201469917,201470118,HSE286,21.167260695
chr1,205411096,205411296,HSE399,15.4863010561
chr1,207682168,207682368,HSE389,14.4420873863
chr1,208751067,208751267,HSE250,28.3356979117
chr1,211556044,211556244,HSE913,10.1071053671
chr1,215227649,215227849,HSE643,12.2289936805
chr1,222946396,222946596,HSE136,28.3288830309
chr1,224716721,224716921,HSE669,11.1939548835
chr1,224767352,224767552,HSE659,12.7072133153
chr1,229007236,229007436,HSE259,25.6576825275
chr1,231831560,231831760,HSE103,34.1933527171
chr1,234707634,234707834,HSE458,16.2547381587
chr1,240192775,240192976,HSE192,23.6438756614
chr1,240751207,240751408,HSE41,39.1665180557
chr1,242513807,242514007,HSE29,41.8646049022
chr1,243428176,243428376,HSE909,8.9768456445
chr1,245362206,245362406,HSE514,20.8510241208
chr1,245748622,245748822,HSE400,15.8809014188
chr1,245751245,245751445,HSE614,11.9977672181
chr10,1796728,1796928,HSE887,8.8759918247
chr10,2188344,2188544,HSE210,17.5664225697
chr10,2435771,2435971,HSE331,14.4636659658
chr10,3441348,3441548,HSE787,8.9210657436
chr10,4012461,4012661,HSE959,9.8681000165
chr10,4659880,4660080,HSE109,39.294649348
chr10,5734710,5734910,HSE80,39.253086776
chr10,5918486,5918686,HSE902,13.4688692863
chr10,11575356,11575556,HSE741,13.0848348743
chr10,13005187,13005387,HSE721,10.6222160126
chr10,14195913,14196113,HSE544,13.1977478994
chr10,14227600,14227810,HSE569,12.7906533757
chr10,14364637,14364837,HSE882,8.5664694124
chr10,17825468,17825668,HSE300,17.0051022824
chr10,22748482,22748683,HSE737,14.6364554664
chr10,25811340,25811541,HSE58,31.2099871039
chr10,30602601,30602801,HSE23,49.0758646578
chr10,31080176,31080376,HSE918,9.2503197227
chr10,33270658,33270858,HSE949,11.4436365263
chr10,33294606,33294809,HSE995,12.672352369
chr10,38534930,38535130,HSE430,15.2638491526
chr10,44435726,44435926,HSE655,14.2956522267
chr10,44729078,44729278,HSE392,17.4461418303
chr10,46168148,46168348,HSE152,37.019176366
chr10,47640802,47641002,HSE244,20.7338411549
chr10,52710256,52710456,HSE489,16.0012334733
chr10,64400190,64400390,HSE143,23.5037143277
chr10,71081718,71081918,HSE723,10.7476600785
chr10,71470586,71470786,HSE37,54.1450393752
chr10,71536580,71536780,HSE664,12.2052671593
chr10,72471766,72471966,HSE783,17.3113965123
chr10,73599983,73600183,HSE403,21.5414372314
chr10,75126686,75126888,HSE71,29.3819259713
chr10,79473783,79473983,HSE43,45.6987326408
chr10,83728971,83729171,HSE212,18.9337565568
chr10,87807719,87807919,HSE859,8.6435515636
chr10,87872095,87872295,HSE481,12.756492704
chr10,88160082,88160282,HSE845,11.0856156511
chr10,88600426,88600626,HSE424,15.9686715881
chr10,90683407,90683607,HSE476,14.8937152174
chr10,90686708,90686908,HSE479,15.6187716761
chr10,93044375,93044575,HSE777,9.7964029914
chr10,94521429,94521629,HSE151,31.5694945963
chr10,97443603,97443803,HSE419,12.9499575441
chr10,97620593,97620793,HSE886,12.518441498
chr10,97667629,97667829,HSE201,34.3491300983
chr10,99223587,99223788,HSE446,23.975955174
chr10,104629190,104629462,HSE784,14.8155161441
chr10,105527665,105527865,HSE467,20.6230257395
chr10,106258325,106258525,HSE665,10.9578861725
chr10,107102583,107102783,HSE216,19.2077151804
chr10,108788448,108788648,HSE699,10.646721976
chr10,108792229,108792429,HSE432,17.1288876915
chr10,109186134,109186334,HSE960,11.8900697742
chr10,115258601,115258801,HSE108,28.6223256015
chr10,120523320,120523520,HSE531,21.3827794751
chr10,121452806,121453006,HSE989,8.0812359893
chr10,123179381,123179581,HSE732,9.5557622755
chr10,124108496,124108696,HSE927,8.9214956882
chr10,129573104,129573305,HSE54,44.0543064465
chr11,353431,353635,HSE551,15.321918756
chr11,3181559,3181759,HSE793,14.7046892301
chr11,6947739,6947942,HSE92,27.9827053442
chr11,13157034,13157234,HSE241,21.0632306147
chr11,15139410,15139611,HSE456,12.2189043207
chr11,15910292,15910492,HSE724,13.7294254547
chr11,16795802,16796002,HSE799,12.802186876
chr11,17550965,17551165,HSE639,14.1086468033
chr11,17943304,17943504,HSE891,11.4856542942
chr11,21656183,21656383,HSE700,14.9043957142
chr11,21662095,21662295,HSE440,17.2950629632
chr11,21673343,21673543,HSE894,8.2797517913
chr11,23447019,23447219,HSE6,75.8807514012
chr11,24085949,24086149,HSE492,15.300706048
chr11,24275024,24275224,HSE651,11.4443945585
chr11,25505910,25506110,HSE186,21.8909002434
chr11,31021450,31021650,HSE877,9.1198497163
chr11,31706283,31706483,HSE74,40.630635226
chr11,33868837,33869038,HSE857,11.3116139483
chr11,35595495,35595695,HSE183,19.9118859606
chr11,38009596,38009796,HSE907,9.9148121335
chr11,39564123,39564323,HSE936,9.1935010973
chr11,41468242,41468442,HSE36,44.9449175171
chr11,42922737,42922937,HSE200,32.2091247664
chr11,44407611,44407811,HSE657,10.3471228352
chr11,44747886,44748086,HSE475,15.1102404858
chr11,44986217,44986417,HSE619,10.668936584
chr11,45047769,45047969,HSE851,10.1383014015
chr11,45111276,45111476,HSE866,10.220733306
chr11,45369052,45369252,HSE627,12.2239177674
chr11,48016992,48017192,HSE767,10.1950143759
chr11,49411924,49412124,HSE512,18.574232402
chr11,63859735,63859935,HSE770,14.6837739902
chr11,63865941,63866141,HSE184,35.4114322006
chr11,65244823,65245023,HSE265,23.3441037512
chr11,67784892,67785092,HSE824,9.8386696158
chr11,73249610,73249812,HSE762,9.9839312996
chr11,73694258,73694459,HSE176,22.3483349613
chr11,76842280,76842482,HSE919,11.0703469831
chr11,78306590,78306790,HSE113,25.2078122498
chr11,79767266,79767466,HSE69,30.2148994861
chr11,81284367,81284567,HSE695,9.8185385502
chr11,92228348,92228548,HSE539,20.2344657972
chr11,100340586,100340786,HSE388,15.4919091437
chr11,104561099,104561299,HSE812,15.176333042
chr11,108070756,108070956,HSE809,9.4991448266
chr11,111156211,111156411,HSE714,10.0243534212
chr11,115147624,115147824,HSE134,28.6194026789
chr11,115846389,115846603,HSE722,16.8886385104
chr11,117592848,117593048,HSE705,13.7637540477
chr11,120106662,120106862,HSE937,10.9173422723
chr11,123178915,123179115,HSE672,11.3022531999
chr11,124816687,124816887,HSE601,14.6082914089
chr11,125805553,125805756,HSE945,20.5577441884
chr11,126357947,126358147,HSE493,15.3602555927
chr11,126976167,126976367,HSE968,9.1843932734
chr11,128052898,128053098,HSE911,12.5881181856
chr11,129137803,129138003,HSE311,18.8031509882
chr11,131335724,131335924,HSE517,23.7420612884
chr11,131510396,131510597,HSE406,27.563239098
chr11,131526809,131527010,HSE398,14.0540782683
chr11,132029024,132029225,HSE232,18.1785539558
chr11,132863261,132863461,HSE792,9.4066623256
chr12,1619367,1619567,HSE271,19.5724460831
chr12,2393824,2394024,HSE153,38.5409899219
chr12,4310999,4311199,HSE612,13.3477965884
chr12,4715838,4716038,HSE124,22.969040262
chr12,5977983,5978183,HSE981,8.9923072646
chr12,6649669,6649869,HSE666,18.8465977854
chr12,8983842,8984042,HSE206,21.6055505061
chr12,10253851,10254051,HSE850,13.368224383
chr12,12009176,12009379,HSE996,8.2025875972
chr12,14088837,14089037,HSE361,16.6852824277
chr12,15118302,15118502,HSE158,36.7485762947
chr12,15186700,15186902,HSE472,17.2685676671
chr12,15283754,15283954,HSE862,11.6244209976
chr12,16064197,16064397,HSE796,18.7455509923
chr12,23364365,23364565,HSE716,12.767223137
chr12,29608107,29608307,HSE84,29.4815974061
chr12,30672107,30672307,HSE459,16.6113321667
chr12,31079386,31079586,HSE928,15.5521683508
chr12,31233235,31233435,HSE817,14.0452336182
chr12,32029945,32030149,HSE3,134.4896822737
chr12,32418004,32418204,HSE443,14.9171957071
chr12,32715083,32715283,HSE566,11.7700863315
chr12,41442900,41443100,HSE448,15.8907964207
chr12,44547984,44548184,HSE595,19.5258881951
chr12,47299063,47299263,HSE710,17.9511083583
chr12,51318352,51318553,HSE278,38.5126987285
chr12,51714654,51714854,HSE105,36.1187300648
chr12,60334522,60334722,HSE296,18.4243312773
chr12,64388551,64388751,HSE411,16.4173206854
chr12,64960555,64960755,HSE893,11.4399085223
chr12,65100062,65100262,HSE677,12.0906755698
chr12,67180805,67181005,HSE302,18.0232362712
chr12,67820036,67820236,HSE693,28.0050105025
chr12,67824724,67824924,HSE562,19.9790499282
chr12,70590594,70590798,HSE938,10.4065399522
chr12,72665258,72665458,HSE870,9.4908568562
chr12,72843735,72843935,HSE352,14.6912721831
chr12,72903763,72903963,HSE622,12.4776159762
chr12,76258547,76258747,HSE366,15.4992304899
chr12,81139497,81139697,HSE263,19.1724365769
chr12,83358298,83358498,HSE956,10.9748220911
chr12,88826891,88827091,HSE470,14.4491790975
chr12,93693111,93693311,HSE337,17.5773205057
chr12,93793026,93793226,HSE231,36.7866454534
chr12,93964730,93964930,HSE701,14.9318726929
chr12,94680437,94680638,HSE800,10.1294106105
chr12,95448207,95448407,HSE85,41.328100082
chr12,98833530,98833731,HSE572,21.9773288843
chr12,102047388,102047588,HSE177,36.6536035992
chr12,105121890,105122090,HSE733,12.9059778339
chr12,106581316,106581516,HSE974,11.9119885347
chr12,108780634,108780834,HSE195,21.1967998006
chr12,110145174,110145374,HSE326,19.9633772792
chr12,110147281,110147481,HSE269,19.4570397688
chr12,116307853,116308063,HSE340,22.419418574
chr12,117846190,117846392,HSE393,15.5403001234
chr12,117850284,117850484,HSE557,16.5566891443
chr12,123543660,123543860,HSE861,10.4781563732
chr12,128314695,128314895,HSE528,13.3821736799
chr12,128455126,128455326,HSE906,9.3701763362
chr12,131041357,131041557,HSE827,8.9137558728
chr12,131261218,131261419,HSE39,40.7349907933
chr12,131596799,131596999,HSE61,38.7314139499
chr12,131622505,131622705,HSE735,9.6402688286
chr12,133175461,133175661,HSE560,17.0748830696
chr13,21347729,21347929,HSE450,18.700409108
chr13,24148647,24148847,HSE923,12.1565857536
chr13,29459319,29459519,HSE4,83.6939521234
chr13,29464970,29465170,HSE235,21.5042630726
chr13,33536518,33536718,HSE484,11.9616526488
chr13,36045055,36045255,HSE466,15.1339680818
chr13,37089667,37089867,HSE53,34.1508321281
chr13,38195831,38196031,HSE63,29.4908349793
chr13,47090817,47091017,HSE240,20.9194834678
chr13,47169753,47169953,HSE795,10.6129192636
chr13,48685195,48685395,HSE383,17.4161328951
chr13,52195812,52196012,HSE804,33.9458114683
chr13,52928037,52928237,HSE971,10.2210243551
chr13,58387875,58388075,HSE898,9.7709738074
chr13,63964002,63964202,HSE155,21.8968073472
chr13,63982654,63982855,HSE755,10.6894623919
chr13,66918963,66919163,HSE942,8.137382847
chr13,78382044,78382244,HSE709,13.2425052878
chr13,79968085,79968285,HSE207,19.0520301367
chr13,81969573,81969773,HSE464,17.1316537183
chr13,88325009,88325225,HSE169,22.404724465
chr13,94551722,94551922,HSE47,39.9300964523
chr13,96720972,96721172,HSE242,17.6289298545
chr13,99193496,99193696,HSE775,11.8286452332
chr13,102857806,102858006,HSE175,26.1349566103
chr13,103659347,103659547,HSE879,9.4672756235
chr13,106860061,106860261,HSE523,15.2219187287
chr13,107025740,107025940,HSE545,22.9167462321
chr13,107144094,107144294,HSE826,10.0932827937
chr13,111223922,111224122,HSE55,37.6150776113
chr14,21439340,21439545,HSE697,14.9749639521
chr14,24505425,24505632,HSE598,21.3172605404
chr14,25814644,25814844,HSE884,8.4198607932
chr14,26543395,26543598,HSE239,19.7243319678
chr14,31281660,31281860,HSE64,42.0539122341
chr14,33531812,33532012,HSE374,13.6641312978
chr14,59129293,59129493,HSE803,12.357054467
chr14,59386085,59386285,HSE932,9.6556661977
chr14,61083031,61083231,HSE780,12.1130184536
chr14,65539073,65539273,HSE324,18.8187496116
chr14,76804206,76804406,HSE129,28.6611225834
chr14,81636859,81637059,HSE65,73.8674420954
chr14,81790696,81790896,HSE209,42.4669581462
chr14,91091974,91092174,HSE480,17.813206233
chr14,91716580,91716780,HSE469,17.2797598596
chr14,93949158,93949358,HSE746,9.1621125053
chr14,95071723,95071923,HSE924,8.9302006066
chr14,102783279,102783479,HSE816,24.4849615987
chr14,105147964,105148164,HSE939,11.1238681848
chr15,27524028,27524228,HSE431,15.0234209239
chr15,28817788,28817988,HSE191,21.3327480149
chr15,29247425,29247625,HSE279,18.2157833949
chr15,30182592,30182792,HSE840,10.1016943223
chr15,31792516,31792716,HSE429,15.2456002355
chr15,33752266,33752466,HSE806,7.7973232785
chr15,33958947,33959147,HSE650,11.2642323912
chr15,39474262,39474462,HSE703,12.786143498
chr15,52554008,52554208,HSE832,10.0325076389
chr15,54967526,54967726,HSE230,24.1378839612
chr15,55510355,55510555,HSE339,18.1931930527
chr15,61269359,61269560,HSE1,89.2659435972
chr15,61979890,61980090,HSE922,8.1022018494
chr15,62752114,62752314,HSE611,14.5613676786
chr15,62917755,62917955,HSE305,28.6662298913
chr15,68723591,68723791,HSE462,23.2304619822
chr15,69830362,69830562,HSE757,10.8328824475
chr15,72203345,72203545,HSE147,31.2986371967
chr15,74076783,74076983,HSE771,12.0826546194
chr15,74596170,74596370,HSE993,12.6758156277
chr15,74641836,74642036,HSE221,25.8164928998
chr15,75523071,75523271,HSE874,9.5089830845
chr15,80478573,80478773,HSE211,20.487080964
chr15,80828906,80829107,HSE277,17.6534731911
chr15,81616460,81616661,HSE101,37.8792330626
chr15,81861640,81861840,HSE987,12.411938064
chr15,81868202,81868403,HSE587,14.0269438152
chr15,82201705,82201905,HSE376,27.8796005059
chr15,86374626,86374826,HSE588,14.9950787059
chr15,88418444,88418645,HSE580,12.4183759864
chr15,88670015,88670215,HSE521,11.1843930949
chr15,92692436,92692637,HSE26,72.0593711439
chr15,98775365,98775565,HSE381,14.9440294085
chr15,102501629,102501829,HSE592,17.8647492194
chr16,626697,626897,HSE208,23.3415017382
chr16,970811,971011,HSE408,18.879805744
chr16,3137379,3137579,HSE656,13.1191220261
chr16,11114848,11115048,HSE998,11.8718870193
chr16,11173789,11173989,HSE128,39.6118207734
chr16,19756698,19756898,HSE349,18.1890890859
chr16,22776292,22776492,HSE631,10.2281468082
chr16,23037379,23037579,HSE661,11.5338091882
chr16,24508521,24508721,HSE731,10.9292976321
chr16,27323049,27323272,HSE62,34.6319360162
chr16,30204374,30204574,HSE426,34.9445834473
chr16,31885117,31885317,HSE805,17.0726534038
chr16,48565689,48565889,HSE914,14.4461848582
chr16,52484957,52485157,HSE999,9.9367824367
chr16,56581581,56581781,HSE386,14.3620121795
chr16,59736519,59736719,HSE342,19.0406902327
chr16,66545956,66546156,HSE905,9.2931748668
chr16,68484705,68484905,HSE218,20.7512770405
chr16,68507748,68507957,HSE548,18.0413570871
chr16,73322142,73322343,HSE702,12.5680470461
chr16,78355884,78356084,HSE303,20.3741349926
chr16,89307265,89307465,HSE18,70.9382862202
chr16,89679724,89679939,HSE578,17.1619789211
chr16,89988292,89988493,HSE347,20.0128724894
chr17,999331,999532,HSE482,15.5034626446
chr17,5579439,5579642,HSE48,43.9178228518
chr17,6111243,6111443,HSE198,30.4698391934
chr17,8279924,8280124,HSE45,65.9896646322
chr17,8759325,8759525,HSE422,15.0545562099
chr17,9340019,9340219,HSE948,9.8219471135
chr17,11166409,11166610,HSE122,22.963059202
chr17,12830908,12831108,HSE145,27.0976894901
chr17,13298874,13299074,HSE156,34.5395597863
chr17,17002215,17002415,HSE654,16.2936251743
chr17,17302370,17302570,HSE372,29.9282249338
chr17,21030152,21030352,HSE903,14.116644535
chr17,21367528,21367728,HSE833,9.7516907593
chr17,30088186,30088386,HSE678,13.3589311568
chr17,33774498,33774698,HSE818,9.4607428819
chr17,34541456,34541656,HSE553,11.9696962671
chr17,42385237,42385437,HSE149,30.3729032338
chr17,43419034,43419235,HSE437,27.2450803684
chr17,45681996,45682196,HSE438,15.031012053
chr17,49008988,49009188,HSE538,15.8789561003
chr17,49433023,49433224,HSE11,58.5889197596
chr17,49687897,49688097,HSE413,16.1529684506
chr17,49807832,49808032,HSE2,84.3204244342
chr17,50624462,50624662,HSE20,42.9975194309
chr17,50767466,50767666,HSE258,24.1676282047
chr17,53412056,53412256,HSE243,26.149501739
chr17,53828393,53828601,HSE617,14.5154098498
chr17,55785272,55785472,HSE892,10.3430074886
chr17,57998741,57998941,HSE978,10.1861279752
chr17,59327373,59327573,HSE774,9.3428992552
chr17,59589126,59589326,HSE529,18.5934605421
chr17,62254441,62254641,HSE133,33.7747197413
chr17,64370576,64370776,HSE964,7.825535696
chr17,72113540,72113740,HSE607,21.5911019025
chr17,72967433,72967633,HSE377,16.2493907656
chr17,73966346,73966547,HSE881,9.5338664732
chr17,75125788,75125988,HSE407,21.4349393235
chr17,75279445,75279646,HSE527,11.5655867334
chr17,79050003,79050203,HSE445,15.299617834
chr17,80189664,80189864,HSE957,8.575676987
chr18,2847905,2848105,HSE680,16.1823388257
chr18,3297314,3297514,HSE51,55.4969408846
chr18,4107882,4108082,HSE756,10.6509843928
chr18,4455211,4455413,HSE173,26.658560462
chr18,5960317,5960517,HSE404,17.5337872123
chr18,6610590,6610790,HSE5,67.4765594962
chr18,6878970,6879170,HSE21,114.4591803017
chr18,6941554,6941754,HSE925,8.8831899962
chr18,8067140,8067340,HSE515,15.8060479397
chr18,8982773,8982973,HSE674,10.8336659886
chr18,8991089,8991289,HSE871,9.2212572719
chr18,11092726,11092926,HSE603,14.5685707705
chr18,20949254,20949454,HSE940,10.1089249342
chr18,22006557,22006757,HSE575,21.5810391792
chr18,24341571,24341772,HSE865,12.220860758
chr18,30186665,30186865,HSE96,29.1942230497
chr18,33597390,33597591,HSE935,14.2979081707
chr18,38116709,38116909,HSE94,27.5166517092
chr18,38614509,38614709,HSE516,22.9528532124
chr18,41456364,41456564,HSE483,22.2977384345
chr18,43802028,43802228,HSE508,12.8490635247
chr18,46386532,46386733,HSE676,14.0371357841
chr18,47441756,47441956,HSE282,17.402175324
chr18,48344045,48344245,HSE640,26.5533837237
chr18,57865414,57865614,HSE637,12.1799986999
chr18,60810573,60810773,HSE712,10.7941794086
chr18,66106367,66106567,HSE78,34.0539230971
chr18,67067626,67067826,HSE748,20.3756153543
chr18,67206189,67206389,HSE707,14.8194102675
chr18,77862401,77862601,HSE778,8.9773592552
chr19,1855466,1855666,HSE615,21.0205633353
chr19,7864445,7864654,HSE420,22.2334775436
chr19,7936518,7936718,HSE1000,9.890269251
chr19,14134468,14134668,HSE552,19.247739132
chr19,16568459,16568659,HSE690,12.8248560895
chr19,22053766,22053966,HSE325,15.1569835215
chr19,28284760,28284962,HSE35,44.2571129827
chr19,28609278,28609478,HSE262,25.334253518
chr19,28660492,28660692,HSE644,23.3221045263
chr19,30811887,30812087,HSE120,27.7702458019
chr19,35800455,35800659,HSE498,13.5519561083
chr19,36792015,36792215,HSE953,7.5220582555
chr19,39122462,39122662,HSE582,17.8131880246
chr19,39167150,39167350,HSE395,15.4118441749
chr19,42905988,42906189,HSE934,12.7825653114
chr19,43059635,43059838,HSE535,11.755421727
chr19,44711537,44711737,HSE798,18.193542685
chr19,50175593,50175793,HSE781,13.7950661987
chr19,51289242,51289442,HSE917,9.3858171773
chr19,51900838,51901038,HSE453,18.6017463436
chr19,53039209,53039409,HSE463,19.5962420571
chr2,4564065,4564265,HSE689,11.0832062757
chr2,9136176,9136376,HSE166,25.108740724
chr2,11761490,11761690,HSE955,9.1404770745
chr2,14359777,14359977,HSE729,9.1222131108
chr2,15208167,15208367,HSE751,11.003441743
chr2,17699479,17699679,HSE759,12.4462128012
chr2,17721672,17721872,HSE742,14.1970571736
chr2,20024086,20024286,HSE83,28.7067393754
chr2,23725997,23726197,HSE449,24.6822465458
chr2,25752130,25752330,HSE346,16.6877757619
chr2,29434845,29435045,HSE841,9.2654187933
chr2,29840944,29841144,HSE785,11.1516309255
chr2,33308933,33309133,HSE810,10.6180361689
chr2,40274443,40274643,HSE543,16.5775325601
chr2,40277040,40277240,HSE901,17.7522146515
chr2,43020786,43020986,HSE536,13.7021711702
chr2,43525771,43525971,HSE140,23.6931498342
chr2,45907824,45908024,HSE790,12.332179446
chr2,49482822,49483023,HSE764,11.6109483119
chr2,49776850,49777050,HSE382,20.4425087695
chr2,49829759,49829959,HSE559,13.8791198577
chr2,50199950,50200150,HSE306,21.1830037687
chr2,50522255,50522455,HSE294,20.4771502209
chr2,50573272,50573472,HSE520,11.3849059039
chr2,53710769,53710969,HSE673,11.4462899835
chr2,54846090,54846291,HSE652,12.3643734532
chr2,55381344,55381548,HSE333,16.5384641969
chr2,55649064,55649265,HSE161,26.4627203219
chr2,65290575,65290775,HSE860,14.2637154595
chr2,65615621,65615821,HSE811,10.640516431
chr2,68546802,68547002,HSE585,12.806795592
chr2,72975882,72976082,HSE506,11.8250162965
chr2,74234353,74234554,HSE447,19.3111885875
chr2,76692583,76692783,HSE308,24.5495576527
chr2,84914260,84914460,HSE273,18.7931730309
chr2,85289844,85290044,HSE490,17.6255300394
chr2,85378807,85379007,HSE442,18.4954416724
chr2,87051461,87051665,HSE139,28.4199186304
chr2,87064810,87065010,HSE708,10.458886264
chr2,87067122,87067449,HSE379,30.0280259634
chr2,87069310,87069510,HSE885,16.1725172352
chr2,88316314,88316515,HSE214,34.3179189629
chr2,88414573,88414773,HSE220,18.6297613359
chr2,89034794,89034994,HSE641,10.882267071
chr2,91750589,91750877,HSE327,20.2352669039
chr2,91762380,91762580,HSE468,12.6786942321
chr2,97019268,97019468,HSE786,8.3601047373
chr2,98758986,98759186,HSE679,16.1171102076
chr2,100697871,100698071,HSE706,13.479967802
chr2,100699949,100700149,HSE163,38.236433871
chr2,104094111,104094311,HSE59,33.1831421211
chr2,106095656,106095858,HSE390,15.6220351252
chr2,106554244,106554444,HSE497,18.2333367245
chr2,109968022,109968222,HSE763,10.4860988331
chr2,110515113,110515315,HSE19,48.1747064465
chr2,110806206,110806406,HSE977,8.2999349047
chr2,111400651,111400851,HSE808,9.0427754883
chr2,112020360,112020560,HSE444,14.0773788267
chr2,112221956,112222156,HSE720,15.6782160603
chr2,114395544,114395744,HSE67,33.2899481068
chr2,119068189,119068389,HSE104,27.8409422337
chr2,119071047,119071247,HSE25,58.9652879287
chr2,121088717,121088917,HSE726,14.2115751447
chr2,122336997,122337197,HSE249,20.8047512788
chr2,124279519,124279719,HSE495,11.9685617057
chr2,124730178,124730378,HSE30,48.1797064921
chr2,131094775,131094975,HSE988,12.5951506631
chr2,131484996,131485196,HSE76,33.2819734412
chr2,133300942,133301142,HSE997,7.8669044953
chr2,134090771,134090971,HSE180,24.5244184665
chr2,137008268,137008468,HSE307,16.6788740279
chr2,137015528,137015728,HSE947,7.5774875118
chr2,142934541,142934741,HSE345,21.8622427277
chr2,150036853,150037053,HSE807,12.9999546517
chr2,165778793,165778993,HSE358,17.0239953486
chr2,177391858,177392058,HSE260,19.1403997668
chr2,182327537,182327737,HSE681,17.5160573028
chr2,182393251,182393451,HSE40,38.4626716079
chr2,194117851,194118051,HSE321,18.0633419546
chr2,202563650,202563850,HSE626,12.3289416007
chr2,202741843,202742043,HSE359,20.9626551138
chr2,207294294,207294494,HSE670,11.1162813392
chr2,210363875,210364075,HSE734,12.3968615154
chr2,216306316,216306516,HSE868,14.1928417965
chr2,217522315,217522515,HSE293,35.0627763697
chr2,218641534,218641734,HSE82,37.7257060365
chr2,225243534,225243734,HSE416,20.099420911
chr2,229706577,229706777,HSE943,10.1343101996
chr2,231797519,231797723,HSE719,12.2696761634
chr2,232478862,232479063,HSE856,8.5861916221
chr2,236011384,236011584,HSE496,11.7277379839
chr2,238512362,238512563,HSE608,13.5849351928
chr2,240078429,240078629,HSE174,24.7169603423
chr2,241308943,241309143,HSE590,12.5097816417
chr2,241406758,241406958,HSE727,15.8620577497
chr20,1791874,1792074,HSE487,14.0309392186
chr20,1864025,1864225,HSE950,9.0977150918
chr20,1871245,1871445,HSE16,56.7490572952
chr20,2012791,2012991,HSE87,31.037092624
chr20,3629754,3629958,HSE215,20.9130441286
chr20,3660554,3660754,HSE193,24.974343769
chr20,4063903,4064104,HSE111,56.1553976804
chr20,14705232,14705432,HSE33,47.5410662718
chr20,16719908,16720108,HSE270,16.3543605271
chr20,32774062,32774262,HSE309,18.1246253801
chr20,34463418,34463619,HSE367,15.2757490918
chr20,34681486,34681692,HSE753,9.3728031841
chr20,34961484,34961684,HSE355,27.5542266393
chr20,36875508,36875708,HSE12,88.6429013544
chr20,39492043,39492243,HSE616,13.836833653
chr20,39504403,39504603,HSE791,11.0391746143
chr20,39522366,39522566,HSE522,15.4476576681
chr20,41278899,41279099,HSE130,24.1052112576
chr20,41281047,41281248,HSE138,25.1054094538
chr20,43678567,43678767,HSE118,27.5802502403
chr20,47354941,47355141,HSE829,10.0084428
chr20,48196544,48196744,HSE13,62.2017999936
chr20,48391843,48392070,HSE343,17.2886280147
chr20,48451672,48451872,HSE658,15.2435487162
chr20,57999712,57999912,HSE593,11.851459255
chr20,58010717,58010917,HSE888,8.4178547638
chr20,58028998,58029198,HSE589,11.8594187455
chr20,62892549,62892749,HSE22,49.3467939523
chr21,18183390,18183590,HSE846,12.0921264014
chr21,25470304,25470504,HSE848,9.043990116
chr21,29314093,29314293,HSE540,11.1333587451
chr21,29522195,29522395,HSE90,42.5669364456
chr21,30279211,30279411,HSE802,8.9817364292
chr21,31599287,31599487,HSE255,25.8534564105
chr21,34305184,34305384,HSE75,34.8701267573
chr21,40357115,40357316,HSE931,14.2521728213
chr21,40369917,40370117,HSE596,13.6512982833
chr21,42458559,42458759,HSE941,7.986093663
chr21,42461230,42461430,HSE46,32.6233218231
chr21,45610526,45610726,HSE373,19.1339980285
chr22,18647319,18647519,HSE600,15.4170005372
chr22,21387111,21387311,HSE465,16.7936897957
chr22,25800344,25800546,HSE855,15.133649847
chr22,27530972,27531172,HSE91,32.8296818218
chr22,27613121,27613321,HSE878,9.9026827262
chr22,30938555,30938755,HSE991,12.3953908195
chr22,37608742,37608942,HSE199,25.5079108823
chr22,38213774,38213975,HSE336,29.8698643259
chr22,38875187,38875387,HSE31,75.0968010157
chr22,45034999,45035200,HSE944,11.0058314418
chr22,47560535,47560735,HSE820,9.6159416626
chr22,49263785,49263985,HSE123,27.4756435262
chr3,1033708,1033908,HSE547,11.8167271684
chr3,4648618,4648819,HSE594,13.1354478948
chr3,6170925,6171125,HSE274,19.6422205175
chr3,9861617,9861817,HSE561,16.1351899583
chr3,20581162,20581362,HSE88,84.6550501758
chr3,22766006,22766206,HSE926,7.4746803691
chr3,25039886,25040088,HSE745,12.5677664568
chr3,32452491,32452691,HSE958,8.8781271039
chr3,34337067,34337267,HSE238,23.4517631822
chr3,44106796,44106996,HSE645,14.6078435944
chr3,45454944,45455144,HSE213,19.0172183728
chr3,50468482,50468682,HSE70,32.3982070336
chr3,50553584,50553784,HSE409,31.7674822371
chr3,50759518,50759718,HSE556,12.7286106999
chr3,51312927,51313129,HSE179,22.7291813917
chr3,54024155,54024359,HSE606,12.4118581011
chr3,55583333,55583544,HSE895,20.4730234134
chr3,57432272,57432472,HSE170,23.9015532829
chr3,57731978,57732178,HSE979,13.0317416952
chr3,58143711,58143912,HSE488,21.4279391783
chr3,59117232,59117432,HSE310,21.6692936097
chr3,59537533,59537733,HSE831,10.4335147498
chr3,60313490,60313690,HSE797,11.4508642018
chr3,60739661,60739861,HSE222,37.1649368806
chr3,61899965,61900165,HSE972,9.9582764633
chr3,62859461,62859661,HSE671,12.0850192866
chr3,62874394,62874594,HSE454,12.2791253714
chr3,63748080,63748280,HSE387,14.5767368616
chr3,74103231,74103431,HSE633,15.5075880796
chr3,85652655,85652855,HSE203,18.8184809601
chr3,97829189,97829389,HSE776,9.1102578423
chr3,103166013,103166213,HSE896,9.9523912683
chr3,105602785,105602985,HSE433,40.5785957197
chr3,107148262,107148462,HSE261,18.4043131499
chr3,109288204,109288404,HSE356,14.9310679943
chr3,111197315,111197518,HSE370,15.859503117
chr3,112219616,112219816,HSE368,15.0704271372
chr3,123405019,123405220,HSE115,27.2314354098
chr3,124880427,124880628,HSE579,14.8608441809
chr3,127740739,127740949,HSE314,26.0837216172
chr3,128256027,128256227,HSE630,13.9854481485
chr3,132829089,132829289,HSE474,15.9443427668
chr3,133123857,133124057,HSE471,13.3464634396
chr3,136537878,136538084,HSE505,14.6728277902
chr3,136915437,136915640,HSE584,13.4830219375
chr3,136922639,136922839,HSE304,16.1133399857
chr3,143048781,143048981,HSE663,12.6197529914
chr3,145155998,145156198,HSE963,7.937403129
chr3,150102651,150102851,HSE441,27.9319328699
chr3,152314041,152314241,HSE863,9.389594265
chr3,152446287,152446487,HSE202,21.6487393195
chr3,152497432,152497632,HSE782,15.2232552726
chr3,153501047,153501247,HSE973,8.9058148252
chr3,156106412,156106612,HSE298,17.4725292847
chr3,156467111,156467311,HSE984,12.8714197176
chr3,159583162,159583362,HSE245,24.3670741479
chr3,167647788,167647988,HSE162,23.142026511
chr3,167754605,167754805,HSE157,25.5019260862
chr3,168309609,168309809,HSE985,8.3878224111
chr3,170459966,170460166,HSE299,23.2572944826
chr3,171083365,171083565,HSE329,19.6170760846
chr3,171622769,171622969,HSE141,35.5269780554
chr3,173303292,173303492,HSE635,12.8762248581
chr3,173340053,173340253,HSE910,13.8353115715
chr3,175722586,175722786,HSE154,26.1510590855
chr3,177471354,177471554,HSE332,24.5244184665
chr3,184084866,184085066,HSE428,17.9640764471
chr3,192869895,192870095,HSE246,22.5875292012
chr3,194592300,194592501,HSE362,36.8838467218
chr3,196346498,196346699,HSE280,19.4679975855
chr3,197199171,197199371,HSE876,13.6753444396
chr4,1209278,1209519,HSE564,13.9004104602
chr4,1682431,1682632,HSE233,22.8144061287
chr4,2673293,2673493,HSE435,15.7039657822
chr4,5205616,5205843,HSE875,9.1366703212
chr4,5774976,5775176,HSE248,21.1824928836
chr4,7153027,7153227,HSE983,9.7283332501
chr4,7158073,7158273,HSE164,31.8768175016
chr4,7987860,7988060,HSE685,14.8308227861
chr4,8317712,8317912,HSE912,11.2750910314
chr4,10298688,10298888,HSE7,56.3001544011
chr4,10307533,10307733,HSE478,12.8133414228
chr4,10410626,10410826,HSE197,21.3709305662
chr4,16325714,16325914,HSE351,19.7714522278
chr4,16843354,16843554,HSE872,11.1479071197
chr4,17189915,17190115,HSE794,12.4374877889
chr4,17399671,17399871,HSE698,12.9259482624
chr4,18421836,18422036,HSE418,18.6650288814
chr4,20654001,20654201,HSE842,9.8868805638
chr4,35935735,35935935,HSE864,11.6965490821
chr4,37141687,37141887,HSE384,14.5996824189
chr4,37189108,37189308,HSE188,35.9761823699
chr4,38192503,38192704,HSE513,20.6670228424
chr4,41059770,41059970,HSE550,14.2940364222
chr4,41146900,41147100,HSE920,10.9173925032
chr4,42598985,42599185,HSE834,12.2213134666
chr4,43551753,43551953,HSE613,10.9664468122
chr4,52918093,52918293,HSE813,10.8199181309
chr4,67296659,67296859,HSE330,17.1184863176
chr4,68783414,68783614,HSE194,27.8865779207
chr4,73531199,73531399,HSE485,16.0641880211
chr4,79442149,79442349,HSE254,31.3053467034
chr4,96027806,96028006,HSE60,38.0420908281
chr4,98417455,98417655,HSE773,12.7094671878
chr4,102826820,102827020,HSE954,9.8953082642
chr4,108956348,108956548,HSE196,28.1854857987
chr4,109035842,109036042,HSE574,15.4815826792
chr4,109331833,109332033,HSE880,8.5800439974
chr4,112855557,112855758,HSE873,8.9177752517
chr4,113045048,113045248,HSE718,12.9338359083
chr4,115673675,115673875,HSE908,9.0213984225
chr4,126033815,126034015,HSE266,27.8144026005
chr4,126926133,126926333,HSE624,13.8939469933
chr4,134018135,134018335,HSE591,13.1426859966
chr4,135498284,135498484,HSE289,16.9047451361
chr4,139144837,139145037,HSE858,11.0683425726
chr4,142822079,142822279,HSE291,16.8719939446
chr4,143883214,143883420,HSE125,23.7564028153
chr4,155022297,155022497,HSE486,24.4008504204
chr4,155876015,155876219,HSE567,14.3792053309
chr4,156523530,156523730,HSE335,17.9101352191
chr4,163926681,163926881,HSE583,13.7123935
chr4,165404029,165404229,HSE965,10.3169505717
chr4,171168842,171169042,HSE500,12.3708601884
chr4,176356648,176356848,HSE586,12.5175850781
chr4,181756449,181756649,HSE116,25.0123586931
chr4,185517517,185517717,HSE768,10.7243756024
chr4,186037200,186037400,HSE849,9.15728802
chr4,187112549,187112749,HSE73,29.6147089784
chr4,188809131,188809331,HSE127,26.3736706202
chr5,9015815,9016015,HSE754,10.9860464939
chr5,9140785,9140986,HSE34,39.8342153912
chr5,9284766,9284966,HSE159,44.8345695381
chr5,9423793,9423993,HSE397,23.9014518508
chr5,9544694,9544894,HSE976,18.4787378901
chr5,13572514,13572715,HSE970,7.981996643
chr5,14844977,14845178,HSE623,11.8533435499
chr5,26843843,26844043,HSE609,10.9929164023
chr5,35374800,35375000,HSE992,11.2155834064
chr5,36059728,36059928,HSE743,9.7015183684
chr5,38011944,38012144,HSE182,23.9400859933
chr5,39421419,39421619,HSE825,14.5866459668
chr5,39533959,39534159,HSE760,9.9360929783
chr5,43066506,43066706,HSE288,64.294192312
chr5,50917138,50917340,HSE313,22.7435698695
chr5,51008092,51008292,HSE766,10.2876577874
chr5,58130163,58130363,HSE686,14.7084178919
chr5,68296916,68297116,HSE57,43.9761647554
chr5,70529394,70529594,HSE292,16.3167607327
chr5,73557824,73558024,HSE283,26.1537486394
chr5,81951100,81951300,HSE838,11.1124928906
chr5,82305319,82305520,HSE256,21.9987593589
chr5,93459233,93459433,HSE79,88.077239222
chr5,96180256,96180457,HSE112,28.97133338
chr5,98859253,98859453,HSE457,16.1598314579
chr5,102729064,102729264,HSE89,35.4121997783
chr5,107225179,107225379,HSE752,12.8723311418
chr5,108006706,108006906,HSE167,20.5736395644
chr5,112562162,112562362,HSE146,28.4736858728
chr5,115731439,115731639,HSE662,14.441740722
chr5,115870785,115870985,HSE889,11.1682472441
chr5,121403180,121403380,HSE738,10.4404525204
chr5,123709637,123709837,HSE385,34.5371219842
chr5,124534387,124534587,HSE189,41.4113583783
chr5,126015956,126016156,HSE350,48.9260098909
chr5,130651056,130651256,HSE353,19.9406119279
chr5,131054387,131054588,HSE275,16.8672736168
chr5,138872592,138872792,HSE97,33.7294648775
chr5,139113346,139113546,HSE499,24.5461507056
chr5,139503491,139503691,HSE135,22.5832471238
chr5,140365894,140366094,HSE477,22.7804027056
chr5,152496425,152496625,HSE297,23.9517433229
chr5,153157431,153157632,HSE994,7.2712465887
chr5,154985156,154985356,HSE27,47.3698229496
chr5,156798061,156798261,HSE421,18.0953061141
chr5,159614141,159614341,HSE504,16.644367563
chr5,169678151,169678351,HSE205,23.5872306039
chr5,169969996,169970196,HSE252,26.7061548422
chr5,170556363,170556585,HSE81,53.3489093817
chr5,170880119,170880319,HSE533,21.0213665516
chr5,176794222,176794423,HSE599,23.2425155735
chr5,177712082,177712283,HSE921,9.6878527385
chr6,1720956,1721156,HSE961,13.9546110024
chr6,2908962,2909162,HSE900,9.4385437272
chr6,3624882,3625082,HSE49,38.6547390654
chr6,6477697,6477897,HSE425,14.0308308131
chr6,6927996,6928198,HSE573,13.2644125542
chr6,7261536,7261736,HSE899,20.57594766
chr6,8857485,8857685,HSE226,19.7424552164
chr6,11764188,11764388,HSE423,13.6453117051
chr6,12657164,12657364,HSE541,24.5587040398
chr6,13069178,13069378,HSE148,25.4358868167
chr6,13071666,13071866,HSE328,21.7306804565
chr6,13440803,13441003,HSE854,11.7878221637
chr6,13605303,13605503,HSE439,16.0336294076
chr6,15357986,15358186,HSE772,12.1002596677
chr6,15953729,15953929,HSE223,22.2692616975
chr6,20879847,20880047,HSE789,11.3511396601
chr6,22074016,22074216,HSE830,17.8828299952
chr6,22223835,22224035,HSE847,11.3189534245
chr6,22754318,22754518,HSE765,10.933963726
chr6,24191674,24191874,HSE17,64.4494432065
chr6,24355724,24355924,HSE822,12.2330307591
chr6,24684045,24684245,HSE68,40.6121039818
chr6,24908692,24908892,HSE52,36.3357402285
chr6,24981608,24981808,HSE460,14.7455299562
chr6,26866614,26866814,HSE316,17.4817827982
chr6,26987817,26988017,HSE301,17.0996119934
chr6,28953271,28953471,HSE532,18.2243327433
chr6,30163047,30163247,HSE668,9.9208283821
chr6,32862428,32862628,HSE883,10.9304672886
chr6,33048550,33048750,HSE100,28.3569655356
chr6,37190063,37190263,HSE225,25.1598854782
chr6,37752532,37752732,HSE190,21.4887428904
chr6,37839872,37840072,HSE692,15.9827010242
chr6,42104428,42104628,HSE107,67.5217188687
chr6,42125896,42126096,HSE836,11.8802206566
chr6,48152098,48152298,HSE317,16.53498743
chr6,48440896,48441096,HSE410,20.2304692131
chr6,48531624,48531824,HSE14,56.1553976804
chr6,48595126,48595327,HSE8,86.3398854446
chr6,57207153,57207353,HSE779,15.3463418546
chr6,58265076,58265285,HSE632,13.3681109557
chr6,68599806,68600006,HSE526,12.8237395122
chr6,71584109,71584310,HSE114,27.0742020553
chr6,77915769,77915969,HSE236,16.9378739354
chr6,87169783,87169984,HSE546,11.573392587
chr6,89894075,89894277,HSE647,13.1942619616
chr6,90904900,90905100,HSE491,25.8304194594
chr6,92350596,92350796,HSE653,17.364572389
chr6,101840815,101841015,HSE131,28.2436702832
chr6,105240470,105240670,HSE604,18.8779663264
chr6,107221861,107222061,HSE844,13.1640641167
chr6,107611759,107611959,HSE904,13.5023269104
chr6,112619369,112619569,HSE369,17.0366032561
chr6,114999140,114999341,HSE821,10.3959314865
chr6,116138273,116138476,HSE730,13.0350910622
chr6,116621676,116621877,HSE929,9.2537035432
chr6,131428060,131428260,HSE284,18.8889226922
chr6,132596060,132596260,HSE990,8.2742348935
chr6,138104942,138105142,HSE253,23.0468563465
chr6,140757614,140757815,HSE967,10.1788738588
chr6,143968529,143968729,HSE852,8.5873299746
chr6,147322278,147322478,HSE268,19.7936739006
chr6,151695336,151695536,HSE519,19.0160524829
chr6,157265666,157265866,HSE119,24.7735526841
chr6,161392326,161392526,HSE334,18.7149756358
chr6,161740337,161740537,HSE713,9.6675137739
chr6,162838242,162838442,HSE132,26.1781329147
chr6,166188920,166189120,HSE417,14.5239466546
chr6,167892584,167892784,HSE814,8.7865263368
chr6,169077927,169078127,HSE110,27.1403888015
chr6,170794092,170794292,HSE524,13.6109134035
chr7,4198833,4199033,HSE801,11.1292518601
chr7,4949917,4950117,HSE172,21.4927855963
chr7,13461438,13461638,HSE228,17.5121934963
chr7,22122623,22122823,HSE930,12.3048991783
chr7,23062178,23062378,HSE509,25.1202244572
chr7,23246200,23246400,HSE257,22.9981606665
chr7,25559731,25559931,HSE966,8.5262161829
chr7,36664999,36665199,HSE605,16.0994530522
chr7,37372863,37373063,HSE204,19.2684485089
chr7,38492364,38492564,HSE597,12.8932215725
chr7,40616066,40616266,HSE380,17.182635963
chr7,47064486,47064686,HSE577,13.0570408987
chr7,47084856,47085056,HSE576,16.6838216652
chr7,48031471,48031671,HSE740,11.7452011534
chr7,48748205,48748405,HSE98,30.5044348782
chr7,66050120,66050320,HSE276,21.6755649273
chr7,66213153,66213353,HSE534,13.7182502443
chr7,66223024,66223224,HSE364,16.185690078
chr7,74867660,74867860,HSE618,16.9538639948
chr7,77015807,77016008,HSE415,18.6613812869
chr7,78390011,78390211,HSE602,16.2431492916
chr7,100434184,100434384,HSE869,13.0394840372
chr7,101616503,101616703,HSE951,9.2324134965
chr7,102153402,102153602,HSE975,9.0245761817
chr7,110397521,110397721,HSE916,12.3054838817
chr7,110400563,110400763,HSE338,16.3230063175
chr7,116607477,116607678,HSE621,18.3522646727
chr7,118072236,118072438,HSE694,11.1158534833
chr7,125587404,125587604,HSE455,17.556648341
chr7,145100201,145100414,HSE401,15.6280338065
chr7,145839272,145839472,HSE171,20.1680033829
chr7,145844066,145844266,HSE9,54.1909479525
chr7,147449071,147449271,HSE704,10.2463146144
chr7,148178409,148178609,HSE835,10.6172870294
chr7,151235436,151235636,HSE365,18.0341069228
chr8,2377506,2377706,HSE181,20.7659351902
chr8,2511126,2511326,HSE320,15.27069181
chr8,7266669,7266869,HSE819,8.435349452
chr8,13356648,13356848,HSE281,18.4464980795
chr8,14336890,14337104,HSE66,46.656249178
chr8,23032626,23032826,HSE412,26.2529950816
chr8,26601555,26601755,HSE890,11.220125934
chr8,26628311,26628511,HSE788,10.9551178433
chr8,28009163,28009363,HSE510,15.0235522925
chr8,30385906,30386106,HSE629,17.1134130395
chr8,34312488,34312688,HSE178,30.2724339491
chr8,49930877,49931077,HSE507,18.1489727778
chr8,50149648,50149848,HSE518,13.7760589052
chr8,52875070,52875270,HSE501,15.5123958666
chr8,53660034,53660234,HSE93,37.3464806395
chr8,54605619,54605820,HSE684,14.2519866729
chr8,62892804,62893004,HSE121,31.87775364
chr8,73254670,73254870,HSE185,23.4900882124
chr8,73412628,73412828,HSE38,37.3035911391
chr8,75862050,75862250,HSE620,13.858825618
chr8,88877867,88878069,HSE563,12.7713866408
chr8,92115315,92115515,HSE530,14.8449505644
chr8,92248603,92248804,HSE691,15.9124555229
chr8,93852146,93852346,HSE290,32.7317983798
chr8,95213282,95213482,HSE494,13.4997136969
chr8,98387996,98388197,HSE628,12.1439641326
chr8,105236101,105236301,HSE969,9.7479394792
chr8,115779521,115779721,HSE688,12.8255728825
chr8,122167781,122167981,HSE371,17.391031161
chr8,125610826,125611026,HSE165,35.3095256409
chr8,131652848,131653048,HSE363,19.456186422
chr8,134045654,134045854,HSE168,31.8082809938
chr8,134829150,134829350,HSE646,10.9003096576
chr8,144094801,144095001,HSE717,15.3147108573
chr8,144343458,144343659,HSE72,32.0323018157
chr8,145987786,145988059,HSE451,17.6753394576
chr9,7510288,7510488,HSE312,33.7426439062
chr9,10593086,10593286,HSE414,16.6788740279
chr9,11458448,11458648,HSE843,9.0784819552
chr9,12117105,12117305,HSE142,27.950209127
chr9,14993242,14993442,HSE634,14.4731722458
chr9,16301282,16301482,HSE102,50.9103305769
chr9,17765448,17765655,HSE739,18.2392565514
chr9,20825252,20825452,HSE946,12.4789871155
chr9,33402443,33402643,HSE555,16.1608716083
chr9,33523607,33523818,HSE224,19.2005783714
chr9,34170779,34170979,HSE341,24.6371580044
chr9,41824106,41824306,HSE769,10.5181109381
chr9,42019392,42019592,HSE28,41.4263636489
chr9,44245346,44245546,HSE32,37.5468627247
chr9,46661510,46661710,HSE378,18.5997971629
chr9,67872401,67872601,HSE272,19.7212214429
chr9,69651218,69651418,HSE15,56.5573849515
chr9,69654841,69655041,HSE50,50.1850231356
chr9,69723884,69724084,HSE126,32.6894006406
chr9,70077265,70077469,HSE357,19.5503409497
chr9,70090005,70090205,HSE56,47.863549167
chr9,72158059,72158265,HSE736,10.8002448051
chr9,72749929,72750129,HSE667,9.6151470352
chr9,81641307,81641507,HSE565,12.5343408216
chr9,85896509,85896709,HSE360,15.976780491
chr9,87992926,87993126,HSE682,10.0728691654
chr9,91288879,91289079,HSE570,20.1264215633
chr9,93232164,93232364,HSE267,16.2689597218
chr9,97610366,97610566,HSE571,14.362464282
chr9,97933380,97933580,HSE660,11.3259473431
chr9,100000625,100000826,HSE473,16.0316421967
chr9,100937326,100937526,HSE502,14.7363484454
chr9,112871691,112871891,HSE427,20.2200008236
chr9,116605468,116605668,HSE24,44.0402200911
chr9,118163144,118163344,HSE10,116.5676393698
chr9,136738864,136739065,HSE828,21.7259174217
chr9,136826692,136826892,HSE823,8.8396928196
chr9,138884709,138884909,HSE749,21.506795832
chr9,140320110,140320310,HSE558,17.6159627193
chrX,191631,191831,HSE375,22.299626784
chrX,197891,198101,HSE318,51.9353250981
chrX,199983,200184,HSE711,18.1602756116
chrX,9247138,9247338,HSE915,8.9889411466
chrX,9294553,9294753,HSE636,15.8583274764
chrX,13467472,13467672,HSE625,13.3123255447
chrX,22410208,22410409,HSE982,9.6853480348
chrX,29231637,29231837,HSE610,12.7761366615
chrX,30489623,30489824,HSE137,24.5548014378
chrX,31825117,31825317,HSE99,25.9398284883
chrX,36439734,36439934,HSE323,16.5354248431
chrX,36467884,36468084,HSE402,16.6156581564
chrX,40432956,40433156,HSE933,11.0828028555
chrX,40810144,40810344,HSE106,48.7539914758
chrX,49953599,49953799,HSE295,25.7542688302
chrX,57163623,57163823,HSE503,22.7827962324
chrX,114733851,114734051,HSE986,7.9927176453
chrX,124903682,124903882,HSE436,12.6648421132
chrX,128211486,128211686,HSE815,14.3611432709
chrX,128270781,128270981,HSE952,10.1358588237
chrX,130964620,130964822,HSE980,11.9103854587
